title,author,isbn,verlag,img
Karate-Do - Mein Weg,Gichin Funakoshi,3921508940,,/images/books/funakoshi.jpg
Fighting Techniques,Hirozuka Kanazawa,4770028725,,/images/books/Kanazawa3.jpg
Shotokan-Kata bis zum Schwarzgurt,Fiore Tartaglia,3980908100,,/images/books/kata1.jpg
Shotokan-Kata ab dem Schwarzgurt,Fiore Tartaglia,3980908119,,/images/books/kata2.jpg
Bunkai der Shotokan-Kata bis zum Schwarzgurt,Fiore Tartaglia,3980908127,,/images/books/bunkai1.jpg
Bunkai der Shotokan-Kata ab dem Schwarzgurt,Fiore Tartaglia,3980908135,,/images/books/bunkai2.jpg
25 Shotokan Katas,Albrecht Pflüger,,,/images/books/25Kata.jpg
Karate Grundlagen,Efthimios Karamitsos,3806818630,,/images/books/grundlagen.jpg
Karate-Do - Die Kunst ohne Waffen zu siegen,Gichin Funakoshi,783492249201,,/images/books/Karate-Do.jpg
Dynamic Karate,Masatoshi Nakayama,,,/images/books/dynamickarate.jpg
Karate - Die Kunst der leeren Hand,Hidetaka Nishiyama & Richard C. Brown,,www.schlatt-books.de,/images/books/nishi.jpg
Karate Fachwort-Lexikon,Herbert Velte,3932576144,,/images/books/lexikon.jpg
Bassai Dai,Karl Michael Schölz,3939140007,,/images/books/bassai-dai.jpg
Enzyklopädie des Shotokan-Karate,Schlatt,3937745041,,/images/books/schlatt.jpg
Gespräche mit dem Meister - Nakayama,Randall G. Hassel,9783937745015,www.schlatt-books.de,/images/books/nakayama_gespr.jpg
Shotokan Karate International Kata Band 1,Hirokazu Kanazawa,3896870343,,/images/books/kanazawa1.jpg
Shotokan Karate International Kata Band 2,Hirokazu Kanazawa,3896873814,,/images/books/kanazawa2.jpg
